MSE,MAE,R2,MSE,MAE,R2,Selected Model,Split,Fold
0.8071428571428572,0.5214285714285715,0.5347606163980708,1.7924528301886793,1.2641509433962264,0.09279279279279262,lgbm,test,0
