MSE,MAE,R2,MSE,MAE,R2,Selected Model,Split,Fold
0.5408163265306123,0.3163265306122449,0.6051991486774096,1.0,1.0,0.3098159509202455,rf,val,0
